Category ID,Category Name,Category Slug,Category Parent,Category Description
3f43939994f344b0adaee7b48a25d4bd,Sporty,sporty,,"<span style=""color:#000000;""><span style=""font-family:verdana,geneva,sans-serif;""><span style=""font-size:14px;"">Vítejte v kategorii <strong>sport</strong>! U nás najdete široký výběr <strong>sportovního vybavení</strong>, které vám pomůže dosáhnout svých cílů. Od kvalitních <strong>sportovních oděvů, obuvi po moderní fitness přístroje a doplňky</strong>. S naším sortimentem budete připraveni na každý zápas, trénink nebo dobrodružství. Kvalita, výkon a spokojenost našich zákazníků jsou pro nás prioritou. Vyberte si svůj vítězný výběr v našem sportovním e-shopu!""</span></span></span>"
9c4678f0eb08467aa21ba85baf72c929,Fotbal,fotbal,3f43939994f344b0adaee7b48a25d4bd,"<span style=""font-size:14px;""><span style=""font-family:verdana,geneva,sans-serif;"">Vítejte v naší kategorii <strong>fotbal</strong>. Nabízíme široký výběr <strong>fotbalového vybavení</strong> pro hráče všech úrovní. Od <a href=""https://www.sportovni-eshop.cz/sporty/fotbal/kopacky""><span style=""color:#800080;"">kopaček</span></a><span style=""color:#800080;"">, </span><a href=""https://www.sportovni-eshop.cz/sporty/fotbal/fotbalove-mice""><span style=""color:#800080;"">fotbalových míčů</span></a><span style=""color:#800080;"">, </span><a href=""https://www.sportovni-eshop.cz/sporty/fotbal/fotbalovy-brankar""><span style=""color:#800080;"">vybavení pro brankáře</span></a><span style=""color:#800080;""> a </span><a href=""https://65410.fcdemo.cz/sporty/fotbal/fotbalove-obleceni""><span style=""color:#800080;"">dresy</span></a>, u nás najdete vše, co potřebujete pro svůj fotbalový zážitek. Připravte se na nezapomenutelné fotbalové zážitky a dosáhněte svých fotbalových snů s naším <strong>kvalitním fotbalovým vybavením.</strong></span></span>"
322b5558432243c0944defe45f907768,Kopačky,kopacky,9c4678f0eb08467aa21ba85baf72c929,"<span style=""color:#000000;""><span style=""font-family:verdana,geneva,sans-serif;""><span style=""font-size:14px;"">Objevte širokou škálu <strong>kopaček</strong> v naší kategorii pro <strong>fotbalové kopačky</strong>. Vyberte si mezi různými stylizacemi, materiály a technologiemi, které vám pomohou maximalizovat kontrolu nad míčem, rychlost, trakci a pohodlí během hry. Bez ohledu na váš herní styl a povrch, u nás najdete </span></span></span><span style=""font-family:verdana,geneva,sans-serif;""><span style=""font-size:14px;""><strong><a href=""https://www.sportovni-eshop.cz/sporty/fotbal/kopacky/lisovky""><span style=""color:#800080;"">kopačky pro přírodní trávu (lisovky)</span></a></strong></span></span><span style=""color:#000000;""><span style=""font-family:verdana,geneva,sans-serif;""><span style=""font-size:14px;""><strong>, </strong></span></span></span><span style=""font-family:verdana,geneva,sans-serif;""><span style=""font-size:14px;""><strong><a href=""https://www.sportovni-eshop.cz/sporty/fotbal/kopacky/turfy""><span style=""color:#800080;"">syntetické povrchy (turfy)</span></a></strong></span></span><span style=""color:#000000;""><span style=""font-family:verdana,geneva,sans-serif;""><span style=""font-size:14px;""><strong>, </strong></span></span></span><span style=""font-family:verdana,geneva,sans-serif;""><span style=""font-size:14px;""><strong><a href=""https://www.sportovni-eshop.cz/sporty/fotbal/kopacky/lisovky""><span style=""color:#800080;"">kopačky na umělou trávu</span></a></strong></span></span><span style=""color:#000000;""><span style=""font-family:verdana,geneva,sans-serif;""><span style=""font-size:14px;""><strong>, </strong></span></span></span><span style=""font-family:verdana,geneva,sans-serif;""><span style=""font-size:14px;""><strong><a href=""https://www.sportovni-eshop.cz/sporty/fotbal/kopacky/koliky-a-lisokoliky""><span style=""color:#800080;"">kolíky pro přírodní mokrou blátivou trávu</span></a></strong></span></span><span style=""color:#000000;""><span style=""font-family:verdana,geneva,sans-serif;""><span style=""font-size:14px;""><strong> i </strong></span></span></span><span style=""font-family:verdana,geneva,sans-serif;""><span style=""font-size:14px;""><strong><a href=""https://www.sportovni-eshop.cz/sporty/fotbal/kopacky/salovky""><span style=""color:#800080;"">sálové kopačky pro hru v hale</span></a></strong></span></span><span style=""color:#000000;""><span style=""font-family:verdana,geneva,sans-serif;""><span style=""font-size:14px;""><strong>.</strong></span></span></span>"
1ba42afc-fbec-4599-8f57-e81421bb9889,Tenis,tenis,3f43939994f344b0adaee7b48a25d4bd,"<span style=""font-family:verdana,geneva,sans-serif;""><span style=""font-size:14px;"">Naše kategorie tenisového vybavení na <a href=""https://www.sportovni-eshop.cz/""><span style=""color:#800080;""><strong>Sportovni-eshop.cz</strong></span></a> nabízí vše, co potřebujete k tomu, abyste excelovali na tenisovém hřišti. Máme široký výběr <a href=""https://www.sportovni-eshop.cz/sporty/tenis/tenisove-rakety""><span style=""color:#800080;"">tenisových raket</span></a>, <a href=""https://www.sportovni-eshop.cz/sporty/tenis/tenisove-boty""><span style=""color:#800080;"">tenisové obuvi</span></a>, <a href=""https://www.sportovni-eshop.cz/sporty/tenis/tenisove-mice""><span style=""color:#800080;"">tenisových míčů</span></a><a href=""https://www.sportovni-eshop.cz/sporty/tenis/tenisove-mice"">,</a> <a href=""https://www.sportovni-eshop.cz/sporty/tenis/tenisove-tasky""><span style=""color:#800080;"">tenisových tašek</span></a><a href=""https://www.sportovni-eshop.cz/sporty/tenis/tenisove-tasky"">,</a> <a href=""https://www.sportovni-eshop.cz/sporty/tenis/tenisove-obleceni""><span style=""color:#800080;"">tenisového oblečení</span></a> a <a href=""https://www.sportovni-eshop.cz/sporty/tenis/tenisove-dopnky""><span style=""color:#800080;"">tenisových doplňků</span></a> od předních značek. Bez ohledu na váš herní styl nebo úroveň, u nás si určitě vyberete.</span></span>"
2375d537-b747-46c0-b229-ce5fbd6addf1,Basketbal,basketbal,3f43939994f344b0adaee7b48a25d4bd,"<span style=""font-family:verdana,geneva,sans-serif;""><span style=""font-size:14px;"">U nás v <strong>Sportovni-eshop.cz</strong> najdete široký výběr <strong>basketbalového vybavení</strong>, které vám pomůže dosáhnout excelentního výkonu na hřišti. Nabízíme kvalitní <strong><a href=""https://www.sportovni-eshop.cz/sporty/basketbal/basketbalove-mice""><span style=""color:#800080;"">basketbalové míče</span></a>, <a href=""https://www.sportovni-eshop.cz/sporty/basketball/basketbalove-boty""><span style=""color:#800080;"">basketbalové boty</span></a>, <a href=""https://www.sportovni-eshop.cz/basketbalove-obleceni""><span style=""color:#800080;"">basketbalové oblečení</span></a> a <a href=""https://www.sportovni-eshop.cz/basketbalove-obleceni""><span style=""color:#800080;"">basketbalových doplňků</span></a></strong> od předních značek. Bez ohledu na to, zda jste začátečník, nadšený hráč nebo profesionál, u nás najdete to nejlepší vybavení pro vaši hru.</span></span>"
6852d4e4-8d5e-4947-8f84-2859e9ec370d,Bojové sporty,bojove-sporty,3f43939994f344b0adaee7b48a25d4bd,"<span style=""font-family:verdana,geneva,sans-serif;""><span style=""font-size:14px;"">V naší kategorii <strong>bojových sportů</strong> najdete veškeré potřebné vybavení pro <strong>bojová umění a bojové sporty</strong>. Bez ohledu na to, jestli se věnujete <strong>boxu, MMA, karate, judu nebo jinému bojovému sportu</strong>, u nás najdete to, co potřebujete.</span></span>"
fc87da59-7f41-45de-863f-898d3c21a5e5,Běh,beh,3f43939994f344b0adaee7b48a25d4bd,"<span style=""font-family:verdana,geneva,sans-serif;""><span style=""font-size:14px;"">V naší kategorii pro <strong>běh</strong> najdete vše, co potřebujete pro svůj běžecký trénink a závody. Nabízíme široký výběr <strong>běžecké obuvi, oblečení a doplňků</strong>, které vám pomohou dosáhnout vašich <strong>běžeckých cílů</strong>. Bez ohledu na to, zda běháte na krátké nebo dlouhé trati, ve městě nebo v přírodě, máme pro vás správné vybavení. </span></span>"
2585e05c-7b65-4e58-97ef-d2d34c8f5265,Tenisové rakety,tenisove-rakety,1ba42afc-fbec-4599-8f57-e81421bb9889,"<span style=""font-family:verdana,geneva,sans-serif;""><span style=""font-size:14px;"">V naší kategorii tenisových raket na <strong>Sportovni-eshop.c</strong>z najdete širokou škálu kvalitních <strong>tenisových raket</strong> pro všechny typy hráčů. Nabízíme rakety pro začátečníky, pokročilé i profesionály, které vám pomohou dosáhnout maximálního výkonu na kurtu. <strong>Slevy až 50% na <a href=""https://www.sportovni-eshop.cz/""><span style=""color:#800080;"">Sportovni-eshop.cz</span></a></strong></span></span>"
4c1dbb75-5f60-49e5-bb5b-b91aeff40b1e,Tenisové boty,tenisove-boty,1ba42afc-fbec-4599-8f57-e81421bb9889,"<span style=""font-family:verdana,geneva,sans-serif;""><span style=""font-size:14px;"">Vstupte na kurt s našimi špičkovými <strong>tenisovými botami</strong>! Nabízíme <strong>tenisové boty</strong> pro všechny hráče - od začátečníků po profesionály. S technologickými inovacemi a maximálním pohodlím vám <strong>tenisová obuv</strong> umožní dosáhnout nejlepšího výkonu. S výběrem pro různé povrchy a styly hry si můžete vybrat <strong>boty</strong>, které perfektně odpovídají vašim potřebám. </span></span>"
e35e9aca-c505-4e30-a32c-660f772922e6,Tenisové míče,tenisove-mice,1ba42afc-fbec-4599-8f57-e81421bb9889,"<span style=""font-family:verdana,geneva,sans-serif;""><span style=""font-size:14px;"">Užijte si dokonalou hru s našimi <strong>tenisovými míči!</strong> Naše kategorie nabízí široký výběr kvalitních <strong>tenisových míčů</strong>, které splňují nejvyšší standardy. S různými typy povrchů a rychlostí máte možnost vybrat si míče přesně podle svých preferencí. Vyberte si své vítězné tenisové míče a bavte se na kurtech jako profesionál!</span></span>"
7ce4bbf1-8804-47a8-b65e-f9262ff42bf0,Tenisové tašky,tenisove-tasky,1ba42afc-fbec-4599-8f57-e81421bb9889,"<span style=""font-size:14px;""><span style=""font-family:verdana,geneva,sans-serif;"">Přenášejte své <strong>tenisové vybavení</strong> s lehkostí a stylem díky naší kategorii <strong>tenisových tašek</strong>. Nabízíme široký výběr kvalitních tašek, které uspokojí potřeby každého <strong>tenisového hráče</strong>. Vyberte si svou stylovou a funkční <strong>tenisovou tašku</strong> a buďte připraveni na každý tenisový zápas!</span></span>"
a58f3678-c926-44c4-86e8-38bccce148e9,Tenisové oblečení,tenisove-obleceni,1ba42afc-fbec-4599-8f57-e81421bb9889,"<span style=""color:#000000;""><span style=""font-size:14px;""><span style=""font-family:verdana,geneva,sans-serif;"">Oblečte se do špičkového <strong>tenisového stylu</strong> s naší nabídkou <strong>tenisového oblečení</strong>. Nabízíme moderní a funkční kolekce, které vám poskytnou pohodlí, volnost pohybu a styl na <strong>tenisových kurtech</strong>. Od <strong>tenisových triček, sukní po kalhoty a bundy</strong>. Vstupte do světa tenisové módy a vyjádřete svou vášeň pro <strong>tenisový sport.</strong></span></span></span>"
22425342-8c8c-4957-8558-4a6fe5169a4c,Tenisové doplňky,tenisove-doplnky,1ba42afc-fbec-4599-8f57-e81421bb9889,"<span style=""font-family:verdana,geneva,sans-serif;""><span style=""font-size:14px;"">Dokončete svůj tenisový vzhled s naší kategorií <strong>tenisových doplňků</strong>. Nabízíme široký výběr kvalitních a stylových doplňků, které posunou váš tenisový zážitek na další úroveň. Buďte připraveni na každý zápas s <strong>tenisovými doplňky</strong>, které zdůrazní váš styl a zlepší váš výkon na kurtech.</span></span>"
97c17c48-caa9-4e11-8e0f-3e7eb2823027,Fotbalové oblečení,fotbalove-obleceni,9c4678f0eb08467aa21ba85baf72c929,"<span style=""font-family:verdana,geneva,sans-serif;""><span style=""font-size:14px;"">Vyberte si z naší kategorie <strong>fotbalového oblečení</strong> a připravte se na nezapomenutelné <strong>fotbalové zážitky</strong>. Nabízíme širokou škálu stylových a funkčních <strong>fotbalových dresů, trenýrek, mikin, a dalšího oblečení</strong>. Bez ohledu na to, zda jste hráč, fanoušek nebo trenér, u nás najdete to, co potřebujete. </span></span>"
a1c899b0-e420-4065-9a88-7a3a45d73553,Basketbalové míče,basketbalove-mice,2375d537-b747-46c0-b229-ce5fbd6addf1,"<span style=""font-family:verdana,geneva,sans-serif;""><span style=""font-size:14px;"">V naší kategorii <strong>basketbalových míčů</strong> najdete široký výběr kvalitních a odolných míčů pro vaše <strong>basketbalové</strong> dovednosti. Nabízíme různé typy a velikosti míčů pro trénink, soutěže nebo rekreační hraní. Vyberte si ten správný <strong>basketbalový míč</strong> pro vaši hru a užijte si nekonečnou zábavu a výkonnost na <strong>basketbalovém hřišti. </strong></span></span>"
4c321a9c-650e-4ae1-8644-2421ef807144,Běžecká obuv,bezecka-obuv,fc87da59-7f41-45de-863f-898d3c21a5e5,"<span style=""font-family:verdana,geneva,sans-serif;""><span style=""font-size:14px;"">V naší kategorii <strong>běžecké obuvi</strong> naleznete široký výběr kvalitních a výkonných běžeckých bot pro každého běžce. Nabízíme <strong>boty na běhání</strong> od předních značek, která kombinuje komfort, odpružení a stabilitu.&nbsp; Vyberte si z různých modelů pro běh na silnici, do terénu nebo pro závody.</span></span>"
3309976b-8d34-45a7-bfeb-fe7616337224,Běžecké oblečení,bezecke-obleceni,fc87da59-7f41-45de-863f-898d3c21a5e5,"<span style=""font-family:verdana,geneva,sans-serif;""><span style=""font-size:14px;"">V naší kategorii <strong>běžeckého oblečení</strong> najdete kompletní výběr vysoce kvalitního a funkčního oblečení pro váš běžecký trénink. Naše běžecké oblečení je navrženo s důrazem na pohodlí, prodyšnost a ochranu před nepříznivými povětrnostními podmínkami.&nbsp; Vyberte si z naší široké nabídky a vylepšete svůj běžecký zážitek!</span></span>"
ec65871d-3ece-4df7-b303-eb92d5a297e1,Box,box,6852d4e4-8d5e-4947-8f84-2859e9ec370d,"<span style=""font-family:verdana,geneva,sans-serif;""><span style=""font-size:14px;"">V naší kategorii <strong>boxu</strong> vám nabízíme širokou škálu vybavení pro tento vzrušující bojový sport. Od kvalitních <strong>boxerských rukavic</strong> a <strong>chráničů</strong> přes <strong>boxerské pytle, štíty a trenérské pomůcky, až po stylové boxerské oblečení</strong>. Naše produkty jsou navrženy s ohledem na vysokou kvalitu, komfort a bezpečnost.</span></span>"
072a7189-6f57-4ef3-b019-8243c68fee13,MMA,mma,6852d4e4-8d5e-4947-8f84-2859e9ec370d,"<span style=""font-family:verdana,geneva,sans-serif;""><span style=""font-size:14px;"">Objevte širokou nabídku vybavení pro <strong>MMA</strong> u nás v <strong>Sportovní-eshop.cz</strong>. Vybírejte z kvalitních <strong>MMA rukavic, chráničů, bojových šortek</strong> a <strong>dalšího příslušenství</strong>. Připravte se na bojové zápasy s vybavením, které vám poskytne nezbytnou ochranu a pohodlí.</span></span>"
16f89138-b305-4908-aa95-974976beb0af,Karate,karate,6852d4e4-8d5e-4947-8f84-2859e9ec370d,"<span style=""font-size:14px;""><span style=""font-family:verdana,geneva,sans-serif;"">Objevte <strong>kvalitní vybavení na karate</strong> pro své tréninky a zápasy. Naše široká nabídka zahrnuje <strong>kimona, ochranné vybavení, pásy a další</strong>. Vyberte si z nejlepších značek a zlepšete své dovednosti v <strong>Karate</strong> s naším vybavením, které naleznete u nás na <strong>Sportovni-eshop.cz</strong></span></span>"
ba1c4146-faf4-4c67-b3ef-53bf523c2fe1,Judo,judo,6852d4e4-8d5e-4947-8f84-2859e9ec370d,"<span style=""font-family:verdana,geneva,sans-serif;""><span style=""font-size:14px;"">V naší kategorii <strong>Judo</strong> najdete široký výběr vybavení pro tento bojový sport. Nabízíme kvalitní <strong>judogi, judo opasky, judo rukavice, ochranné vybavení</strong> a <strong>další doplňky</strong> pro trénink i zápasy.&nbsp; Objednejte si u nás vše, co potřebujete k dosažení úspěchu ve vašem tréninku i soutěžích.</span></span>"
76ea3338-d827-4c3f-8f50-734754d9bc1c,Běžecké batohy,bezecke-batohy,fc87da59-7f41-45de-863f-898d3c21a5e5,"<span style=""font-size:14px;""><span style=""font-family:verdana,geneva,sans-serif;"">Objevte naše kvalitní <strong>běžecké batohy</strong> pro všechny vaše běžecké dobrodružství. Nabízíme širokou škálu <strong>batohů</strong>, které vám poskytnou pohodlnost, bezpečnost a dostatek úložného prostoru pro vaše potřeby. Bez ohledu na to, zda se jedná o kratší výlety do přírody nebo dlouhé maratony, naše běžecké batohy vám poslouží.</span></span>"
4844cd81-8816-4f78-b785-bca60b2cfbd8,Běžecké doplňky,bezecke-doplnky,fc87da59-7f41-45de-863f-898d3c21a5e5,"<span style=""font-size:14px;""><span style=""font-family:verdana,geneva,sans-serif;"">Objevte široký výběr <strong>běžeckých doplňků</strong> v našem sportovním eshopu. Zlepšete svůj výkon a pohodlí při běhu s našimi kvalitními produkty. Nabízíme <strong>běžecké pásy, pásy na ruce, kompresní punčochy, reflexní vesty, energetické gely</strong> a <strong>další doplňky</strong> pro běžecké nadšence.</span></span>"
03cea608-85ff-42fe-a20c-ec9b6812abd5,Fotbalový brankář,fotbalovy-brankar,9c4678f0eb08467aa21ba85baf72c929,"<span style=""font-family:verdana,geneva,sans-serif;""><span style=""font-size:14px;"">V naší kategorii <strong>brankářského fotbalového vybavení</strong> najdete širokou nabídku produktů pro <strong>brankáře</strong>. Od <strong>brankářských rukavic, přes chrániče</strong> a <strong>oblečení</strong>, až po další důležité doplňky. Důvěřujte naší značce a získávejte nejlepší ochranu a komfort na brankářském poli.</span></span>"
50f22b5d-9220-45d8-8efd-2c2ac66c2c5f,Fotbalové chrániče,fotbalove-chranice,9c4678f0eb08467aa21ba85baf72c929,"<span style=""font-family:tahoma,geneva,sans-serif;""><span style=""font-size:14px;"">Nabízíme široký výběr <strong>fotbalových chráničů</strong> pro maximální ochranu a pohodlí. <strong>Fotbalové chrániče na holeně, kolena, lokty a další.</strong> Kvalitní materiály a pevné konstrukce zajišťují bezpečnost a komfort během fotbalového zápasu.</span></span>"
c0c575f8-2742-4343-ab09-2f0de212f0ce,Fotbalové míče,fotbalove-mice,9c4678f0eb08467aa21ba85baf72c929,"<span style=""font-family:verdana,geneva,sans-serif;""><span style=""font-size:14px;"">Objevte širokou nabídku <strong>fotbalových míčů</strong> v našem <strong>sportovním eshopu</strong>. Najdete zde kvalitní a odolné <strong>fotbalové míče</strong> pro trénink, nebo zápasy. Vyberte si z různých velikostí, materiálů a designů, abyste si mohli užít nejlepší fotbalový zážitek. Rozvíjejte své dovednosti a pořiďťe si <strong>fotbalový míč</strong>.</span></span>"
7eb48ef6-30c3-427b-aba6-935ba593558e,Tréninkové vybavení,treninkove-vybaveni,9c4678f0eb08467aa21ba85baf72c929,"<span style=""font-family:verdana,geneva,sans-serif;""><span style=""font-size:14px;"">Připravte se na maximální výkon s naším <strong>tréninkovým vybavením na fotbal</strong> u nás na <strong>sportovni-eshop.cz</strong>. Najdete zde široký výběr cvičebních pomůcek, posilovacího vybavení, agility překážek a dalších nástrojů. Bez ohledu na vaši úroveň nebo cíle, <strong>tréninkové vybavení</strong> vám poskytne nezbytný prostředek k dosažení úspěchu.</span></span>"
d87ccccf-e381-4712-8b3d-3dccf2b36c00,Boty,boty,,"<span style=""font-family:verdana,geneva,sans-serif;""><span style=""font-size:14px;"">Najděte svou ideální <strong>obuv</strong> pro každodenní pohodlí a styl na našem <strong>sportovním e-shopu</strong>. Nabízíme široký výběr <strong>bot a tenisek</strong> pro různé aktivity, od běhu a cvičení po volný čas a módní vzhled. Nechte své nohy dýchat a vychutnejte si každý krok s naší kolekcí <strong>bot a tenisek.</strong></span></span>"
3daff46c-dca8-4934-b5c4-a766bbf4b6ff,Pánské boty,panske-boty,d87ccccf-e381-4712-8b3d-3dccf2b36c00,"<span style=""color:#000000;""><span style=""font-family:verdana,geneva,sans-serif;""><span style=""font-size:14px;"">Objevte široký výběr <strong>pánských bot</strong> pro každou příležitost. <strong>Pánské boty</strong> nabízí různé styly, od elegantních, formálních bot, také ale </span></span></span><strong><span style=""font-family:verdana,geneva,sans-serif;""><span style=""font-size:14px;""><a href=""https://www.sportovni-eshop.cz/boty/panske-boty/panska-outdoorova-obuv""><span style=""color:#800080;"">outdoorovou obuv</span></a></span></span></strong><span style=""color:#000000;""><span style=""font-family:verdana,geneva,sans-serif;""><span style=""font-size:14px;"">, nebo </span></span></span><strong><span style=""font-family:verdana,geneva,sans-serif;""><span style=""font-size:14px;""><a href=""https://www.sportovni-eshop.cz/boty/panske-boty/panske-pantofle""><span style=""color:#800080;"">pánské pantofle</span></a></span></span></strong><span style=""color:#000000;""><span style=""font-family:verdana,geneva,sans-serif;""><span style=""font-size:14px;"">, </span></span></span><strong><span style=""font-family:verdana,geneva,sans-serif;""><span style=""font-size:14px;""><a href=""https://www.sportovni-eshop.cz/boty/panske-boty/panske-sandale""><span style=""color:#800080;"">pánské sandále</span></a></span></span></strong><span style=""color:#000000;""><span style=""font-family:verdana,geneva,sans-serif;""><span style=""font-size:14px;"">, stylové </span></span></span><span style=""font-family:verdana,geneva,sans-serif;""><span style=""font-size:14px;""><a href=""https://www.sportovni-eshop.cz/boty/panske-boty/panske-tenisky""><span style=""color:#800080;""><strong>pánské tenisky</strong></span></a></span></span><span style=""color:#000000;""><span style=""font-family:verdana,geneva,sans-serif;""><span style=""font-size:14px;"">. Vyberte si z kvalitního materiálu a precizního zpracování, které zaručí dlouhou životnost a pohodlí. U nás najdete ty správné <strong>pánské boty</strong>, které doplní váš outfit a podtrhnou váš styl.</span></span></span>"
2a94a878-97dd-4779-9260-c555b1b447be,Dámské boty,damske-boty,d87ccccf-e381-4712-8b3d-3dccf2b36c00,"<span style=""font-family:verdana,geneva,sans-serif;""><span style=""font-size:14px;"">Objevte široký výběr <strong>dámských bot a obuvi</strong> v našem sportovním eshopu. Najdete zde trendy modely pro každou příležitost - od <strong><a href=""https://www.sportovni-eshop.cz/boty/damske-boty/damske-tenisky""><span style=""color:#800080;"">sportovního stylu</span></a></strong>, přes <strong><a href=""https://www.sportovni-eshop.cz/boty/damske-boty/damska-outdoorova-obuv""><span style=""color:#800080;"">outdoorovou obuv</span></a></strong>, <strong><a href=""https://www.sportovni-eshop.cz/boty/damske-boty/damske-pantofle""><span style=""color:#800080;"">pantofle</span></a></strong> až po <strong><a href=""https://www.sportovni-eshop.cz/boty/damske-boty/damske-sandale""><span style=""color:#800080;"">sandály,</span></a><span style=""color:#800080;""> </span></strong><span style=""color:#000000;"">nebo </span><a href=""https://www.sportovni-eshop.cz/boty/damske-boty/damske-tenisky/damske-kozacky""><strong><span style=""color:#800080;"">kozačky</span></strong></a>. Vyberte si z různých materiálů, barev a stylů, které doplní váš outfit a poskytnou vám pohodlí. Skvělá funkčnost a styl s našimi <strong>dámskými botami.</strong></span></span>"
f98ea832-35d7-4246-9144-3f4c11121a5d,Dětské boty,detske-boty,d87ccccf-e381-4712-8b3d-3dccf2b36c00,"<span style=""font-size:14px;""><span style=""font-family:verdana,geneva,sans-serif;"">Nabízíme široký výběr <strong>dětských bot</strong> a <strong>dětské obuvi</strong> pro různé příležitosti. Objednejte si kvalitní a pohodlné <strong>boty pro vaše děti</strong>. S naší nabídkou trendy a odolných <strong>dětských bot</strong> budou vaše děti nejen stylové, ale také pohodlné při každém kroku. Kvalitní a bezpečné <strong>dětské boty</strong> jsou pro nás prioritou.</span></span>"
749a9b62-1111-4330-b0ed-e63b07a7d949,Nově naimortované,nove-naimortovane,,
29679ff0-03ce-4d9d-80c3-877f6cc562a5,Lisovky,lisovky,322b5558432243c0944defe45f907768,"<p><span style=""font-size:14px;""><span style=""font-family:verdana,geneva,sans-serif;""><strong>Kopačky lisovky</strong> zahrnují různé značky, styly a technologie, které vám pomohou dosáhnout maximálního výkonu na hřišti. Všechny <strong>kopačky lisovky</strong> jsou vyrobeny z kvalitních materiálů, které poskytují pohodlí, odolnost a podporu během hry. <strong>Lisovky </strong>s označením <strong>AG</strong> jsou vysloveně pro použití na umělou trávu. <strong>Kopačky lisovky FG/AG</strong> jsou vhodné jak na přírodní, tak na umělou trávu.</span></span></p>"
f5b28762-c9b9-4e79-bb9f-4021056468be,Kolíky a lisokolíky,koliky-a-lisokoliky,322b5558432243c0944defe45f907768,"<span style=""font-size:14px;""><span style=""font-family:verdana,geneva,sans-serif;"">V této kategorii, jak už název napovídá najdete <strong>kopačky kolíky a lisokolíky. Kopačky s kolíkama a lisokolíky</strong> už tedy na Vás čekají, stačí si vybrat jen ty, které chcete.</span></span>"
e832347d-feae-4497-8eb5-8871619cf0a5,Sálovky,salovky,322b5558432243c0944defe45f907768,"<span style=""font-size:14px;""><span style=""font-family:verdana,geneva,sans-serif;"">V naší kategorii <strong>sálovky</strong>, respektive <strong>sálové kopačky</strong> najdete širokou nabídku vysoce kvalitních obuvi určené pro hru ve sportovních halách. <strong>Sálovky</strong> jsou navrženy tak, aby poskytovaly optimální přilnavost a stabilitu na vnitřních površích, jako je dřevěná podlaha.</span></span>"
7038e366-d05a-4d99-8aef-0a511d243bc6,Turfy,turfy,322b5558432243c0944defe45f907768,"<span style=""font-size:14px;""><span style=""font-family:verdana,geneva,sans-serif;"">V kategorii <strong>Turfy</strong>, alias <strong>kopačky turfy</strong> najdete široký výběr kopaček určených pro hru na umělých površích. <strong>Kopačky turfy</strong> jsou vyrobeny s ohledem na zlepšení trakce a stabilitu na umělém trávníku, poskytují přesné ovládání míče a pohodlí během hry.</span></span>"
46d70ba0-1e9b-45e7-894c-901b62721de6,Basketbalové boty,basketbalove-boty,2375d537-b747-46c0-b229-ce5fbd6addf1,"<p><span style=""color:#000000;""><span style=""font-size:14px;""><span style=""font-family:verdana,geneva,sans-serif;"">Vítejte v naší kategorii <strong>boty na basketbal</strong>, kde najdete ten správný pár pro své basketbalové dovednosti. Jsme tu, abychom vám přinesli nejnovější trendy a technologie ve světě basketbalové obuvi. Naše <strong>basketbalové boty</strong> jsou navrženy s ohledem na výkon a pohodlí, aby vás podpořily při každém kroku na hřišti.</span></span></span></p>"
627eea1a-febd-4d31-8f90-8fa57eeda08d,Basketbalové oblečení,basketbalove-obleceni,2375d537-b747-46c0-b229-ce5fbd6addf1,"<p><span style=""font-size:14px;""><span style=""font-family:verdana,geneva,sans-serif;"">Vítejte v naší kolekci <strong>basketbalového oblečení</strong>, kde najdete ty nejstylovější a funkční kousky pro své basketbalové dovednosti. Přinášíme vám nejnovější trendy ve světě basketbalové módy, abyste mohli na hřišti vyniknout jak svým stylem, tak svým výkonem.</span></span></p>"
01638327-00b2-4c0d-9045-02caaff91988,Basketbalové desky a koše,basketbalove-desky-a-kose,2375d537-b747-46c0-b229-ce5fbd6addf1,"<p><span style=""font-size:14px;""><span style=""font-family:verdana,geneva,sans-serif;"">Vítejte v naší kategorii <strong>basketbalových desek a košů</strong>! Zde najdete široký výběr kvalitních a odolných produktů pro ty, kteří milují <a href=""https://www.sportovni-eshop.cz/sporty/basketbal""><span style=""color:#800080;"">basketbal</span></a> a chtějí si užít bezkonkurenční zážitky na hřišti.</span></span></p>

<p>&nbsp;</p>

<p><span style=""font-size:14px;""><span style=""font-family:verdana,geneva,sans-serif;"">U nás najdete vše, co potřebujete pro dokonalý <strong>basketbalový zážitek</strong>. Bez ohledu na váš věk nebo úroveň dovedností, naše <strong>basketbalové desky a koše</strong> vám pomohou dosáhnout vašich sportovních cílů a užít si spoustu radosti a soutěžení na hřišti. Vyberte si ten nejlepší koš pro vás a začněte si užívat nejvíce vzrušující sport na světě!</span></span></p>"
598471b3-b74c-431e-9f0b-ade55522c2a4,Pánská outdoorová obuv,panska-outdoorova-obuv,3daff46c-dca8-4934-b5c4-a766bbf4b6ff,"<span style=""color:#000000;""><span style=""font-size:14px;""><span style=""font-family:verdana,geneva,sans-serif;"">Objevte široký výběr <strong>pánské outdoorové obuvi</strong> pro všechny milovníky dobrodružství v přírodě. Vysoce kvalitní <strong>pánské trekové boty</strong> navržené pro pohodlí, odolnost a vynikající trakci na různých terénech. Užijte si výlety, túry a adrenalinové dobrodružství s naší pánskou <strong>outdoorovou obuví</strong>.</span></span></span>"
b63bc0f7-92d2-45e9-9eac-1a0b945cf3aa,Pánské tenisky,panske-tenisky,3daff46c-dca8-4934-b5c4-a766bbf4b6ff,"<span style=""color:#000000;""><span style=""font-size:14px;""><span style=""font-family:verdana,geneva,sans-serif;"">V naší kategorii <strong>pánské sportovní obuvi a pánských tenisek</strong> naleznete široký výběr moderních a pohodlných bot pro všechny sportovní aktivity i stylové každodenní nošení. Zvyšte svůj výkon a vyjádřete svůj osobní styl s našimi kvalitními <strong>pánskými teniskami</strong> a <strong>sportovní obuví.</strong></span></span></span>"
afa8d1c0-9a43-4659-8d18-f21e51c00627,Pánské pantofle,panske-pantofle,3daff46c-dca8-4934-b5c4-a766bbf4b6ff,"<span style=""color:#000000;""><span style=""font-size:14px;""><span style=""font-family:verdana,geneva,sans-serif;"">V naší kategorii <strong>pánských pantoflí</strong> naleznete pohodlné a stylové obuvní volby pro každodenní odpočinek a relaxaci. Vyberte si z naší široké nabídky <strong>pánských pantoflí</strong> a dopřejte svým nohám zasloužený komfort a péči po dlouhém dni.</span></span></span>"
28bf0de2-6bfb-4778-994a-8cb488e4587d,Pánské sandále,panske-sandale,3daff46c-dca8-4934-b5c4-a766bbf4b6ff,"<span style=""color:#000000;""><span style=""font-size:14px;""><span style=""font-family:verdana,geneva,sans-serif;"">V naší kategorii <strong>pánských sandálů</strong> naleznete široký výběr stylových a pohodlných sandálů pro muže. Objevte různé designy a materiály, které vám poskytnou optimální komfort a zároveň vás udrží v trendu. Připravte se na letní dobrodružství s naší kolekcí <strong>pánských sandálů.</strong></span></span></span>"
92b68c68-e991-46d3-8eed-4fccdedf652f,Dámská outdoorová obuv,damska-outdoorova-obuv,2a94a878-97dd-4779-9260-c555b1b447be,"<span style=""color:#000000;""><span style=""font-size:14px;""><span style=""font-family:verdana,geneva,sans-serif;"">V naší kategorii <strong>dámské outdoorové obuvi</strong> a trekových bot naleznete skvělé volby pro dobrodružné duše. Pohodlné a odolné boty, které vám poskytnou podporu a stabilitu při každém kroku. Objevte naše stylové <strong>dámské trekové boty</strong> navržené pro výlety do přírody i do města. Během svých dobrodružství si užijete komfort a výkon s naší kvalitní outdoorovou obuví pro ženy.</span></span></span>"
e55db7b5-5d8c-4e9b-9e36-6ff93d3c3b32,Dámské tenisky,damske-tenisky,2a94a878-97dd-4779-9260-c555b1b447be,"<span style=""color:#000000;""><span style=""font-size:14px;""><span style=""font-family:verdana,geneva,sans-serif;"">V naší kategorii <strong>dámských tenisek</strong> a <strong>sportovních bot</strong> naleznete široký výběr moderních a pohodlných bot pro ženy. Vyberte si z různých stylů a designů, které vám umožní být v trendu při sportování i každodenním nošení. Objevte pohodlí a výkon s naší kvalitní <strong>dámskou obuví pro sport i volný čas.</strong></span></span></span>"
d42d5d6e-93bd-4580-a4c4-dfe423c5e25c,Dámské pantofle,damske-pantofle,2a94a878-97dd-4779-9260-c555b1b447be,"<span style=""color:#000000;""><span style=""font-size:14px;""><span style=""font-family:verdana,geneva,sans-serif;"">V naší kategorii <strong>dámských pantoflí</strong> naleznete pohodlné a stylové volby pro odpočinek a relaxaci. Vyberte si z různých designů a materiálů, které vám poskytnou maximální komfort a péči pro vaše nohy. Užijte si každý okamžik doma nebo ve volné přírodě s našimi kvalitními <strong>dámskými pantoflemi.</strong></span></span></span>"
85806406-d036-44ad-a6af-3e1001fb1096,Dámské sandále,damske-sandale,2a94a878-97dd-4779-9260-c555b1b447be,"<span style=""color:#000000;""><span style=""font-size:14px;""><span style=""font-family:verdana,geneva,sans-serif;"">V naší kategorii <strong>dámských sandálů</strong> naleznete skvělé volby pro letní styl a pohodlí. Vyberte si z různých designů a materiálů, které vám umožní užívat si teplé počasí a zároveň se cítit pohodlně a stylově. Objevte naše <strong>dámské sandály</strong> navržené pro každodenní pohodu a módní vzhled během horkých letních dnů.</span></span></span>"
6d39ba2f-26ed-408b-9e2b-b482d49901bd,Zimní oblečení,zimni-obleceni,,"<span style=""color:#000000;""><span style=""font-size:14px;""><span style=""font-family:verdana,geneva,sans-serif;"">Kategorie <strong>""Zimní oblečení""</strong> je vaším ideálním společníkem pro překonání chladných a mrazivých měsíců s teplem, pohodlím a stylem. Tato rozsáhlá nabídka <strong>zimního oblečení</strong> vám umožní připravit se na nízké teploty, sníh a zimu bez toho, abyste museli obětovat svůj osobní styl. Naše <strong>zimní oblečení</strong> je navrženo s důrazem na <strong>kvalitu, tepelnou izolaci a moderní design</strong>, abyste mohli zůstat v teple a ještě k tomu mít styl a to za každého počasí.</span></span></span>"
40fdf856-c079-4bca-bc38-5aa5d6a2a5c9,Zimní bundy,zimni-bundy,6d39ba2f-26ed-408b-9e2b-b482d49901bd,"<span style=""color:#000000;""><span style=""font-size:14px;""><span style=""font-family:verdana,geneva,sans-serif;"">Kategorie <strong>""Zimní bundy""</strong> je vaším nezbytným průvodcem pro přežití chladných měsíců s pohodlím a stylem. Naše rozmanité a kvalitní <strong>zimní bundy</strong> vám poskytují optimální tepelnou izolaci a ochranu před nepříznivým počasím. V našem výběru naleznete <strong>zimní bundy</strong> pro každý vkus a příležitost, od sportovních modelů pro outdoorové dobrodružství až po elegantní a stylové kousky pro každodenní nošení.</span></span></span>"
bab57002-f651-4dcf-b68a-716419db1283,Zimní kabáty,zimni-kabaty,6d39ba2f-26ed-408b-9e2b-b482d49901bd,"<p><span style=""color:#000000;""><span style=""font-size:14px;""><span style=""font-family:verdana,geneva,sans-serif;"">V této kategorii najdete <strong>kabáty</strong> různých stylů, <strong>včetně park, kabátů s kapucí, bund s kožešinovým límcem a mnoho dalších</strong>. Všechny naše <strong>kabáty</strong> jsou navrženy s ohledem na trendy módy, aby vás udržely v teple a stylově oblečené během celé zimy. Zkuste nyní prozkoumat naši kolekci <strong>zimních kabátů</strong> a najděte ten pravý pro vás.</span></span></span></p>

<p><span style=""color:#000000;""><span style=""font-size:14px;""><span style=""font-family:verdana,geneva,sans-serif;"">Nabízíme široký výběr <strong>zimních kabátů</strong> pro muže, ženy a děti, v různých střizích, barvách a délkách, abychom uspokojili různé vkusy a potřeby. Naše <strong>kabáty</strong> jsou vyrobeny z kvalitních materiálů, které vás udrží v teple a suchu, ať už jste venku na procházce, sportujete nebo jdete do práce.</span></span></span></p>"
09ae05db-f1a9-45d6-ae66-768546f26e7d,Mikiny,mikiny,6d39ba2f-26ed-408b-9e2b-b482d49901bd,"<span style=""color:#000000;""><span style=""font-size:14px;""><span style=""font-family:verdana,geneva,sans-serif;"">Lifestylové mikiny. Objevte naši kolekci <strong>mikin</strong> pro stylový a pohodlný vzhled ve volném čase. Zkombinujte komfort s moderním designem a vyjádřete svůj osobní styl.</span></span></span>"
c97a80fd-5a82-429b-9d92-53278ba81e08,Zimní čepice,zimni-cepice,6d39ba2f-26ed-408b-9e2b-b482d49901bd,"<span style=""color:#000000;""><span style=""font-size:14px;""><span style=""font-family:verdana,geneva,sans-serif;"">Vítejte v naší kategorii <strong>zimních čepic</strong>, kde najdete široký výběr stylových, teplých a pohodlných <em>čepic</em> pro chladné dny. Naše <strong>zimní čepice</strong> jsou navrženy s důrazem na kvalitu a design, aby vám poskytly optimální tepelný komfort a zároveň vás držely v trendu. Prozkoumejte naši nabídku různých střihů, barev a materiálů, abyste našli tu pravou<strong> čepici</strong>, která vám bude důvěrným společníkem během zimních měsíců. Nechte se inspirovat a připravte se na zimu s našimi kvalitními <strong>zimními čepicemi.</strong></span></span></span>"
7eecd10a-32bd-4fb3-8aa5-19c29c15a66c,Dámské kozačky,damske-kozacky,2a94a878-97dd-4779-9260-c555b1b447be,"<span style=""color:#000000;""><span style=""font-size:14px;""><span style=""font-family:verdana,geneva,sans-serif;"">Objevte širokou paletu <strong>dámských kozaček</strong>, které zdůrazní vaši eleganci a pohodlí. Naše kolekce nabízí nejnovější módní trendy a kvalitní obuv pro každou příležitost. Procházejte naší nabídkou a najděte perfektní páry pro váš šatník. Vaše nohy si zaslouží to nejlepší!</span></span></span>"
7ed96532-1d76-4830-8504-fc3d4f76b17b,Lední hokej,ledni-hokej,3f43939994f344b0adaee7b48a25d4bd,"<span style=""color:#000000;""><span style=""font-size:14px;""><span style=""font-family:verdana,geneva,sans-serif;"">Vítejte v kategorii každého fanouška <strong>ledního hokeje</strong>. V této kategorii naleznete kompletní výbavu pro váš oblíbený sport! Od profesionálních </span></span></span><span style=""font-size:14px;""><span style=""font-family:verdana,geneva,sans-serif;""><a href=""https://www.sportovni-eshop.cz/sporty/ledni-hokej/hokejky""><span style=""color:#800080;""><strong>hokejek</strong></span></a></span></span><span style=""color:#000000;""><span style=""font-size:14px;""><span style=""font-family:verdana,geneva,sans-serif;"">, přes </span></span></span><span style=""font-size:14px;""><span style=""font-family:verdana,geneva,sans-serif;""><a href=""https://www.sportovni-eshop.cz/sporty/ledni-hokej/hokejove-chranice""><span style=""color:#800080;""><strong>chrániče na hokej</strong></span></a></span></span><span style=""color:#000000;""><span style=""font-size:14px;""><span style=""font-family:verdana,geneva,sans-serif;"">, </span></span></span><span style=""font-size:14px;""><span style=""font-family:verdana,geneva,sans-serif;""><a href=""https://www.sportovni-eshop.cz/sporty/ledni-hokej/hokejove-brusle""><span style=""color:#800080;""><strong>brusle</strong></span></a></span></span><span style=""color:#000000;""><span style=""font-size:14px;""><span style=""font-family:verdana,geneva,sans-serif;"">, </span></span></span><span style=""font-size:14px;""><span style=""font-family:verdana,geneva,sans-serif;""><a href=""https://www.sportovni-eshop.cz/sporty/ledni-hokej/hokejove-helmy""><span style=""color:#800080;""><strong>helmy</strong></span></a></span></span><span style=""color:#000000;""><span style=""font-size:14px;""><span style=""font-family:verdana,geneva,sans-serif;""> až po </span></span></span><span style=""font-size:14px;""><span style=""font-family:verdana,geneva,sans-serif;""><strong><a href=""https://www.sportovni-eshop.cz/sporty/ledni-hokej/hokejove-kalhoty""><span style=""color:#800080;"">hokejové kalhoty</span></a></strong></span></span><span style=""color:#000000;""><span style=""font-size:14px;""><span style=""font-family:verdana,geneva,sans-serif;""><strong> a ostatní sortiment pro hokej</strong>. Vše krásně řazeno. Máme vše pro </span></span></span><strong><span style=""font-size:14px;""><span style=""font-family:verdana,geneva,sans-serif;""><a href=""https://www.sportovni-eshop.cz/sporty/ledni-hokej/brankar""><span style=""color:#800080;"">brankáře</span></a></span></span></strong><span style=""color:#000000;""><span style=""font-size:14px;""><span style=""font-family:verdana,geneva,sans-serif;"">, </span></span></span><span style=""font-size:14px;""><span style=""font-family:verdana,geneva,sans-serif;""><strong><a href=""https://www.sportovni-eshop.cz/sporty/ledni-hokej/rozhodci""><span style=""color:#800080;"">rozhodčí</span></a></strong></span></span><span style=""color:#000000;""><span style=""font-size:14px;""><span style=""font-family:verdana,geneva,sans-serif;"">, prostě vše co potřebujete k tomu, abyste podpořili svůj tým na ledě nebo si sami vychutnali radost ze hry. Připravte se na akci na ledě s naším sortimentem vybavení, které oslní každého fanouška <strong>ledního hokeje.</strong></span></span></span>"
c374fcdb-9d50-4837-82c1-8700568c27a8,Hokejové brusle,hokejove-brusle,7ed96532-1d76-4830-8504-fc3d4f76b17b,"<span style=""color:#000000;""><span style=""font-size:14px;""><span style=""font-family:verdana,geneva,sans-serif;"">Objevte široký výběr <strong>bruslí</strong> pro každého hokejistu. Naše kolekce <strong>hokejových bruslí</strong> nabízí komfort, stabilitu a výkon. Buďte připraveni na super výkony s našimi kvalitními <strong>bruslemi</strong>, které zaručují radost a bezpečnost při každém skluzu a odrazu na ledové ploše.</span></span></span>"
eef85945-b4e6-4d7e-817a-910aea9fcfe8,Hokejky,hokejky,7ed96532-1d76-4830-8504-fc3d4f76b17b,"<span style=""color:#000000;""><span style=""font-size:14px;""><span style=""font-family:verdana,geneva,sans-serif;"">Ovládněte led s našimi <strong>hokejkami</strong> pro každý styl a úroveň hry. Od profesionálních modelů, až po ty pro začátečníky, naše <strong>hokejky</strong> nabízejí precizní konstrukci, ergonomický design a vynikající výkon. Objevte tu správnou <strong>hokejku</strong> pro váš herní styl a zvedněte svou hru na další úroveň.</span></span></span>"
c74d954a-7e34-453b-a904-cc8d284f2439,Hokejové helmy,hokejove-helmy,7ed96532-1d76-4830-8504-fc3d4f76b17b,"<span style=""color:#000000;""><span style=""font-size:14px;""><span style=""font-family:verdana,geneva,sans-serif;"">Ochrana a komfort jdou ruku v ruce s našimi <strong>hokejovými helmami</strong>. S různými styly a technologiemi ochrany nabízíme bezpečné a pohodlné hokejové helmy pro každého hráče. Buďte připraveni na s našimi kvalitními <strong>hokejovými helmami</strong>, které chrání a podporují váš výkon.</span></span></span>"
aec0ff51-bc19-44f8-9582-1a70f53c36ac,Hokejové chrániče,hokejove-chranice,7ed96532-1d76-4830-8504-fc3d4f76b17b,"<span style=""color:#000000;""><span style=""font-size:14px;""><span style=""font-family:verdana,geneva,sans-serif;"">Bezpečnost je na prvním místě s našimi <strong>hokejovými chrániči</strong>. Od ochrany loktů, po ochranu hrudníku a nohou, naše kolekce nabízí špičkovou ochranu pro každého hokejového hráče. Zaručte si ochranu a jistotu na ledě s našimi kvalitními <strong>chrániči na hokej.</strong></span></span></span>"
94e0580d-5c64-4ea0-877f-5fa62546e53b,Hokejové oblečení,hokejove-obleceni,7ed96532-1d76-4830-8504-fc3d4f76b17b,"<p style=""font-family: verdana, geneva, sans-serif; font-size: 14px; color: #000000; line-height: 1.5;"">Výkonnost a ochrana se snoubí v naší <strong>hokejové výstroji</strong>. S maximální pohyblivostí a odolností nabízíme široký výběr <strong>hokejového oblečení a vybavení</strong> pro hráče všech úrovní. Buďte připraveni na led s naší kvalitní <strong>hokejovou výstrojí</strong>, která zajišťuje pohodlí a bezpečnost během hry.</p>"
8c3f80ed-064c-4a0a-b895-01ff497f1a6b,Brankářské vybavení,brankarske-vybaveni,7ed96532-1d76-4830-8504-fc3d4f76b17b,"<span style=""color:#000000;""><span style=""font-size:14px;""><span style=""font-family:verdana,geneva,sans-serif;"">Objevte široký sortiment <strong>hokejových brankářských potřeb</strong> pro zkušené i začínající <strong>hokejové brankáře</strong>. </span></span></span><span style=""font-size:14px;""><span style=""font-family:verdana,geneva,sans-serif;""><strong><a href=""https://www.sportovni-eshop.cz/sporty/ledni-hokej/brankar/lapacky""><span style=""color:#800080;"">Lapačky</span></a></strong></span></span><span style=""color:#000000;""><span style=""font-size:14px;""><span style=""font-family:verdana,geneva,sans-serif;""><strong>, vyrážečky, betony, masky, brusle, vesty, hokejky, kalhoty a další brankářské doplňky</strong>, které vám poskytne optimální ochranu a výkon na ledě. Nechte se inspirovat naší kategorií hokejových brankářů a vybavte se pro svou brankářskou hru ve stylu profesionálů.</span></span></span>"
f76f3aee-3f4e-4d17-bddd-248b83be28f7,Lapačky,lapacky,8c3f80ed-064c-4a0a-b895-01ff497f1a6b,"<span style=""color:#000000;""><span style=""font-size:14px;""><span style=""font-family:verdana,geneva,sans-serif;"">Objevte špičkové <strong>hokejové lapačky</strong> pro <strong>brankáře</strong>. S precizním designem a moderními technologiemi nabízíme optimální ochranu, pohodlí a kontrolu. Vyberte si z naší široké nabídky <strong>lapaček</strong> a posuňte svou <strong>brankářskou hru</strong> na novou úroveň. Profesionální kvalita pro váš úspěch na ledě!</span></span></span>"
c2ecd4e7-6113-460d-9cb4-4d6ba2a0effc,Rozhodčí,rozhodci,7ed96532-1d76-4830-8504-fc3d4f76b17b,"<span style=""color:#000000;""><span style=""font-size:14px;""><span style=""font-family:verdana,geneva,sans-serif;"">Pro všechny <strong>hokejové rozhodčí</strong> nabízíme široký výběr profesionálního vybavení a příslušenství v naší kategorii. Od kvalitních <strong>dresů pro rozhodčí</strong> až po nezbytné signální pomůcky. S naším hokejovým vybavením pro <strong>rozhodčí</strong> získáte spolehlivost, pohodlí a bezpečnost na každém utkání. Nechte se inspirovat naší nabídkou a vybavte se na měření fair-play na hokejovém ledě.</span></span></span>"
dbd84962-2bf0-4260-8583-862b94a5cde7,Muži,muzi,,"<span style=""color:#000000;""><span style=""font-size:14px;""><span style=""font-family:verdana,geneva,sans-serif;"">Prozkoumejte naši kategorii <strong>Muži</strong>, kde nabízíme široký výběr oblečení a doplňků pro moderního muže. Značkové kousky za bezkonkurenční ceny, které zvýrazní váš jedinečný styl a posílí sebevědomí. Důležité momenty zvládnete s elegancí a pohodlím.</span></span></span>"
31b0c4d4-c9d0-4c3b-b3fd-08a353da4699,Ženy,zeny,,"<span style=""color:#000000;""><span style=""font-size:14px;""><span style=""font-family:verdana,geneva,sans-serif;"">V kategorii <strong>Ženy</strong> najdete vše, co potřebujete pro dokonalý vzhled. Od nejnovějších modních trendů až po kvalitní kosmetiku, vše za bezkonkurenční ceny. Vyberte si z naší široké nabídky a upravte svůj styl podle svých představ.</span></span></span>"
050ea130-dc4a-4844-8eff-4841acbd03f9,Děti,deti,,"<span style=""color:#000000;""><span style=""font-size:14px;""><span style=""font-family:verdana,geneva,sans-serif;"">Objevte naši širokou kolekci <strong>dětských</strong> produktů, které jsou navrženy tak, aby rozvíjely kreativitu a představivost vašich dětí. Nabízíme kvalitní oblečení a doplňky, které potěší každé dítě.</span></span></span>"
f8880664-d2cc-498f-90b2-f025c4c833d5,Pánské oblečení,panske-obleceni,dbd84962-2bf0-4260-8583-862b94a5cde7,"<span style=""color:#000000;""><span style=""font-size:14px;""><span style=""font-family:verdana,geneva,sans-serif;"">Objevte širokou škálu <strong>pánského oblečení</strong> v našem e-shopu. Nabízíme kvalitní a stylové kusy pro každou příležitost. Zvyšte své sebevědomí a podtrhněte svůj styl s naší neodolatelnou nabídkou.</span></span></span>"
25d99e7b-e8e0-47ee-a612-773332a780f5,Pánské doplňky,panske-doplnky,dbd84962-2bf0-4260-8583-862b94a5cde7,"<span style=""color:#000000;""><span style=""font-size:14px;""><span style=""font-family:verdana,geneva,sans-serif;"">Podmaněte svůj styl s naší širokou škálou <strong>pánských doplňků</strong>. Od kvalitních hodinek až po elegantní kravaty, nabízíme ty nejžádanější kousky, které z vašeho vzhledu udělají nezapomenutelný dojem.</span></span></span>"
5372b982-4f66-4e25-89b8-c0f6005d85e1,Dámské oblečení,damske-obleceni,31b0c4d4-c9d0-4c3b-b3fd-08a353da4699,"<span style=""color:#000000;""><span style=""font-size:14px;""><span style=""font-family:verdana,geneva,sans-serif;"">Oživte svůj šatník s naší rozmanitou kolekcí <strong>dámského oblečení</strong>. Od elegantních šatů, přes pohodlné džíny až po trendy doplňky - naše nabídka je designována tak, aby vyhovovala každé příležitosti a osobnímu stylu. Podtrhněte svou jedinečnost a cítěte se báječně s každým kouskem z naší kategorie dámského oblečení.</span></span></span>"
c12d6cd4-2367-453a-afba-7edcf7747433,Dámské doplňky,damske-doplnky,31b0c4d4-c9d0-4c3b-b3fd-08a353da4699,"<span style=""color:#000000;""><span style=""font-size:14px;""><span style=""font-family:verdana,geneva,sans-serif;"">Objevte naši širokou škálu <strong>dámských doplňků</strong>, které vám dodají tu pravou jiskru a jedinečnost. Každý kousek je precizně vyrobený, aby vyhovoval vašemu stylu a potřebám. Nechte se inspirovat a zkrášlete svůj každodenní outfit těmito nezbytnými kousky.</span></span></span>"
a62435cb-404e-4905-9828-3c98fa49e416,Pánské boty,panske-boty,dbd84962-2bf0-4260-8583-862b94a5cde7,"<span style=""color:#000000;""><span style=""font-family:verdana,geneva,sans-serif;""><span style=""font-size:14px;"">Objevte široký výběr <strong>pánských bot</strong> pro každou příležitost. <strong>Pánské boty</strong> nabízí různé styly, od elegantních, formálních bot, také ale </span></span></span><strong><span style=""font-family:verdana,geneva,sans-serif;""><span style=""font-size:14px;""><a href=""https://www.sportovni-eshop.cz/boty/panske-boty/panska-outdoorova-obuv""><span style=""color:#800080;"">outdoorovou obuv</span></a></span></span></strong><span style=""color:#000000;""><span style=""font-family:verdana,geneva,sans-serif;""><span style=""font-size:14px;"">, nebo </span></span></span><strong><span style=""font-family:verdana,geneva,sans-serif;""><span style=""font-size:14px;""><a href=""https://www.sportovni-eshop.cz/boty/panske-boty/panske-pantofle""><span style=""color:#800080;"">pánské pantofle</span></a></span></span></strong><span style=""color:#000000;""><span style=""font-family:verdana,geneva,sans-serif;""><span style=""font-size:14px;"">, </span></span></span><strong><span style=""font-family:verdana,geneva,sans-serif;""><span style=""font-size:14px;""><a href=""https://www.sportovni-eshop.cz/boty/panske-boty/panske-sandale""><span style=""color:#800080;"">pánské sandále</span></a></span></span></strong><span style=""color:#000000;""><span style=""font-family:verdana,geneva,sans-serif;""><span style=""font-size:14px;"">, stylové </span></span></span><span style=""font-family:verdana,geneva,sans-serif;""><span style=""font-size:14px;""><a href=""https://www.sportovni-eshop.cz/boty/panske-boty/panske-tenisky""><span style=""color:#800080;""><strong>pánské tenisky</strong></span></a></span></span><span style=""color:#000000;""><span style=""font-family:verdana,geneva,sans-serif;""><span style=""font-size:14px;"">. Vyberte si z kvalitního materiálu a precizního zpracování, které zaručí dlouhou životnost a pohodlí. U nás najdete ty správné <strong>pánské boty</strong>, které doplní váš outfit a podtrhnou váš styl.</span></span></span>"
340b35c4-df68-4b44-a0d8-85f818d050a2,Pánská outdoorová obuv,panska-outdoorova-obuv,a62435cb-404e-4905-9828-3c98fa49e416,"<span style=""color:#000000;""><span style=""font-size:14px;""><span style=""font-family:verdana,geneva,sans-serif;"">Objevte široký výběr <strong>pánské outdoorové obuvi</strong> pro všechny milovníky dobrodružství v přírodě. Vysoce kvalitní <strong>pánské trekové boty</strong> navržené pro pohodlí, odolnost a vynikající trakci na různých terénech. Užijte si výlety, túry a adrenalinové dobrodružství s naší pánskou <strong>outdoorovou obuví</strong>.</span></span></span>"
ff520344-8417-41d8-9f91-0e36f25fcccf,Pánské tenisky,panske-tenisky,a62435cb-404e-4905-9828-3c98fa49e416,"<span style=""color:#000000;""><span style=""font-size:14px;""><span style=""font-family:verdana,geneva,sans-serif;"">V naší kategorii <strong>pánské sportovní obuvi a pánských tenisek</strong> naleznete široký výběr moderních a pohodlných bot pro všechny sportovní aktivity i stylové každodenní nošení. Zvyšte svůj výkon a vyjádřete svůj osobní styl s našimi kvalitními <strong>pánskými teniskami</strong> a <strong>sportovní obuví.</strong></span></span></span>"
84672b6e-f46f-473c-a99a-c04727623ee1,Pánské pantofle,panske-pantofle,a62435cb-404e-4905-9828-3c98fa49e416,"<span style=""color:#000000;""><span style=""font-size:14px;""><span style=""font-family:verdana,geneva,sans-serif;"">V naší kategorii <strong>pánských pantoflí</strong> naleznete pohodlné a stylové obuvní volby pro každodenní odpočinek a relaxaci. Vyberte si z naší široké nabídky <strong>pánských pantoflí</strong> a dopřejte svým nohám zasloužený komfort a péči po dlouhém dni.</span></span></span>"
48b7691a-c7bf-41ba-aa63-36d42cbe57b4,Pánské sandále,panske-sandale,a62435cb-404e-4905-9828-3c98fa49e416,"<span style=""color:#000000;""><span style=""font-size:14px;""><span style=""font-family:verdana,geneva,sans-serif;"">V naší kategorii <strong>pánských sandálů</strong> naleznete široký výběr stylových a pohodlných sandálů pro muže. Objevte různé designy a materiály, které vám poskytnou optimální komfort a zároveň vás udrží v trendu. Připravte se na letní dobrodružství s naší kolekcí <strong>pánských sandálů.</strong></span></span></span>"
5653f1c7-1341-4194-9126-3ff9c2a49497,Pánské batohy,panske-batohy,25d99e7b-e8e0-47ee-a612-773332a780f5,"<span style=""color:#000000;""><span style=""font-size:14px;""><span style=""font-family:verdana,geneva,sans-serif;"">Objevte naši širokou nabídku <strong>pánských batohů</strong>, které jsou nejen praktické, ale také stylové a kvalitní. Ideální pro práci, cestování i volný čas. Vyberte si ten pravý a zvyšte svůj komfort a efektivitu každý den.</span></span></span>"
e86db4c5-6381-463a-b338-23492fc72794,Pánské čepice,panske-cepice,25d99e7b-e8e0-47ee-a612-773332a780f5,"<span style=""color:#000000;""><span style=""font-size:14px;""><span style=""font-family:verdana,geneva,sans-serif;"">Objevte naši širokou nabídku <strong>pánských čepic</strong>, které zaručeně zvýší úroveň vašeho stylu a zároveň vás ochrání v chladném počasí. Vyberte si z naší kvalitní kolekce, která je navržena pro moderního muže, hledajícího komfort, funkčnost a výjimečný design.</span></span></span>"
3b918153-d035-4303-bdcd-875fa678d191,Pánské mikiny,panske-mikiny,f8880664-d2cc-498f-90b2-f025c4c833d5,"<span style=""color:#000000;""><span style=""font-size:14px;""><span style=""font-family:verdana,geneva,sans-serif;"">Objevte naši širokou škálu <strong>pánských mikin</strong>, které jsou nejen stylové, ale také pohodlné a kvalitní. Ideální pro každodenní nošení, sportovní aktivity nebo pro relaxační chvíle. U nás najdete mikiny, které splňují vaše očekávání a potřeby.</span></span></span>"
ed4c3dd8-4e52-4178-978d-8392c0ec8013,Pánská trička,panska-tricka,f8880664-d2cc-498f-90b2-f025c4c833d5,"<span style=""color:#000000;""><span style=""font-size:14px;""><span style=""font-family:verdana,geneva,sans-serif;"">Objevte naši širokou nabídku <strong>pánských triček</strong>, která je navržena s důrazem na kvalitu a pohodlí. Každé tričko je vyrobeno z prémiových materiálů, které zaručují skvělý vzhled a dlouhou životnost. Přidejte do svého šatníku kus, který nikdy nevyjde z módy!</span></span></span>"
c5f55c59-8891-4344-b170-517722e58820,Pánské kalhoty,panske-kalhoty,f8880664-d2cc-498f-90b2-f025c4c833d5,"<span style=""color:#000000;""><span style=""font-size:14px;""><span style=""font-family:verdana,geneva,sans-serif;"">Objevte naši rozmanitou kolekci <strong>pánských kalhot</strong>. Od ležérních džínů až po elegantní oblekové kalhoty, nabízíme kvalitní kousky pro každou příležitost. S našimi kalhotami získáte pohodlný, moderní vzhled a vylepšíte svůj šatník.</span></span></span>"
5f08451d-9d18-4918-bf01-dc07484d2216,Dámské mikiny,damske-mikiny,5372b982-4f66-4e25-89b8-c0f6005d85e1,"<span style=""color:#000000;""><span style=""font-size:14px;""><span style=""font-family:verdana,geneva,sans-serif;"">Objevte naši širokou nabídku <strong>dámských miken</strong>, které jsou nejen stylové, ale také pohodlné a ve vysoké kvalitě. S našimi minkami se budete cítit teplě a zároveň skvěle vypadat v každém ročním období.</span></span></span>"
e884bf8c-6f5e-4a0b-a741-dc92e54c5282,Dámská trička,damska-tricka,5372b982-4f66-4e25-89b8-c0f6005d85e1,"<span style=""color:#000000;""><span style=""font-size:14px;""><span style=""font-family:verdana,geneva,sans-serif;"">Objevte naši širokou nabídku <strong>dámských triček</strong>, která je plná stylu, pohodlí a kvality. Každé tvarování, každý střih a každý design je vytvořen s myšlenkou na moderní ženu, která chce být elegantní, ale zároveň cítit pohodlí. V této kategorii najdete neodolatelné kousky pro každou příležitost.</span></span></span>"
c9305f0e-4d13-492d-96b3-6f4df00994cd,Dámské kalhoty,damske-kalhoty,5372b982-4f66-4e25-89b8-c0f6005d85e1,"<span style=""color:#000000;""><span style=""font-size:14px;""><span style=""font-family:verdana,geneva,sans-serif;"">Prozkoumejte naši rozmanitou kolekci <strong>dámských kalhot</strong>. Od chytrých kancelářských stylů po příjemné volnočasové modely, nabízíme širokou škálu střihů a barev, které vás budou vypadat a cítit se skvěle. Vyberte si ty pravé pro vás a objevte dokonalé spojení módy a pohodlí.</span></span></span>"
1523aae4-bd38-46d8-8eda-43db486e964e,Dámské boty,damske-boty,31b0c4d4-c9d0-4c3b-b3fd-08a353da4699,"<span style=""font-family:verdana,geneva,sans-serif;""><span style=""font-size:14px;"">Objevte široký výběr <strong>dámských bot a obuvi</strong> v našem sportovním eshopu. Najdete zde trendy modely pro každou příležitost - od <strong><a href=""https://www.sportovni-eshop.cz/boty/damske-boty/damske-tenisky""><span style=""color:#800080;"">sportovního stylu</span></a></strong>, přes <strong><a href=""https://www.sportovni-eshop.cz/boty/damske-boty/damska-outdoorova-obuv""><span style=""color:#800080;"">outdoorovou obuv</span></a></strong>, <strong><a href=""https://www.sportovni-eshop.cz/boty/damske-boty/damske-pantofle""><span style=""color:#800080;"">pantofle</span></a></strong> až po <strong><a href=""https://www.sportovni-eshop.cz/boty/damske-boty/damske-sandale""><span style=""color:#800080;"">sandály,</span></a><span style=""color:#800080;""> </span></strong><span style=""color:#000000;"">nebo </span><a href=""https://www.sportovni-eshop.cz/boty/damske-boty/damske-tenisky/damske-kozacky""><strong><span style=""color:#800080;"">kozačky</span></strong></a>. Vyberte si z různých materiálů, barev a stylů, které doplní váš outfit a poskytnou vám pohodlí. Skvělá funkčnost a styl s našimi <strong>dámskými botami.</strong></span></span>"
7a916c80-3fa8-4537-905f-bb73752bf56d,Pánské zimní oblečení,panske-zimni-obleceni,f8880664-d2cc-498f-90b2-f025c4c833d5,"<span style=""color:#000000;""><span style=""font-size:14px;""><span style=""font-family:verdana,geneva,sans-serif;"">Objevte naši širokou nabídku <strong>pánského zimního oblečení</strong>, která vám zajistí komfort a teplotní pohodlí i v těch nejchladnějších dnech. Kvalitní materiály a moderní střihy zaručí stylový vzhled, ať už na svahu nebo ve městě.</span></span></span>"
273dded4-4923-492e-90ff-1777f61be19e,Dámské zimní oblečení,damske-zimni-obleceni,5372b982-4f66-4e25-89b8-c0f6005d85e1,"<span style=""color:#000000;""><span style=""font-size:14px;""><span style=""font-family:verdana,geneva,sans-serif;"">Objevte naši širokou škálu <strong>dámského zimního oblečení</strong>, které vás bude hřát v chladných dnech a zároveň podtrhne váš osobitý styl. Nabízíme kvalitní a trendy kousky pro každou příležitost. S námi budete v zimě vždy vypadat skvěle a cítit se komfortně.</span></span></span>"
2ec91b81-6266-4707-b588-5e21637b58e2,Dámská outdoorová obuv,damska-outdoorova-obuv,1523aae4-bd38-46d8-8eda-43db486e964e,"<span style=""color:#000000;""><span style=""font-size:14px;""><span style=""font-family:verdana,geneva,sans-serif;"">V naší kategorii <strong>dámské outdoorové obuvi</strong> a trekových bot naleznete skvělé volby pro dobrodružné duše. Pohodlné a odolné boty, které vám poskytnou podporu a stabilitu při každém kroku. Objevte naše stylové <strong>dámské trekové boty</strong> navržené pro výlety do přírody i do města. Během svých dobrodružství si užijete komfort a výkon s naší kvalitní outdoorovou obuví pro ženy.</span></span></span>"
91842248-22bd-4664-bdfb-e8c7c933e4a1,Dámské tenisky,damske-tenisky,1523aae4-bd38-46d8-8eda-43db486e964e,"<span style=""color:#000000;""><span style=""font-size:14px;""><span style=""font-family:verdana,geneva,sans-serif;"">V naší kategorii <strong>dámských tenisek</strong> a <strong>sportovních bot</strong> naleznete široký výběr moderních a pohodlných bot pro ženy. Vyberte si z různých stylů a designů, které vám umožní být v trendu při sportování i každodenním nošení. Objevte pohodlí a výkon s naší kvalitní <strong>dámskou obuví pro sport i volný čas.</strong></span></span></span>"
a6b72640-6527-4378-ac37-02e4f763bc48,Dámské pantofle,damske-pantofle,1523aae4-bd38-46d8-8eda-43db486e964e,"<span style=""color:#000000;""><span style=""font-size:14px;""><span style=""font-family:verdana,geneva,sans-serif;"">V naší kategorii <strong>dámských pantoflí</strong> naleznete pohodlné a stylové volby pro odpočinek a relaxaci. Vyberte si z různých designů a materiálů, které vám poskytnou maximální komfort a péči pro vaše nohy. Užijte si každý okamžik doma nebo ve volné přírodě s našimi kvalitními <strong>dámskými pantoflemi.</strong></span></span></span>"
d6e8b3ef-02f0-4d53-8f9d-89bbae62b182,Dámské sandále,damske-sandale,1523aae4-bd38-46d8-8eda-43db486e964e,"<span style=""color:#000000;""><span style=""font-size:14px;""><span style=""font-family:verdana,geneva,sans-serif;"">V naší kategorii <strong>dámských sandálů</strong> naleznete skvělé volby pro letní styl a pohodlí. Vyberte si z různých designů a materiálů, které vám umožní užívat si teplé počasí a zároveň se cítit pohodlně a stylově. Objevte naše <strong>dámské sandály</strong> navržené pro každodenní pohodu a módní vzhled během horkých letních dnů.</span></span></span>"
79d32863-8943-450c-bc32-c412ddc67f91,Dámské batohy,damske-batohy,c12d6cd4-2367-453a-afba-7edcf7747433,"<span style=""color:#000000;""><span style=""font-size:14px;""><span style=""font-family:verdana,geneva,sans-serif;"">Vydejte se stylově za každodenními dobrodružstvími s našimi <strong>dámskými batohy</strong>. Nabízíme širokou škálu designů a barev, které jsou nejen praktické, ale také dodají vašemu outfitu osobitý vzhled. V naší nabídce najdete batohy pro každou příležitost, které jsou skvělým spojením módy a funkčnosti.</span></span></span>"
8b320782-6705-4c9d-bf2b-798f87af2454,Dámské čepice,damske-cepice,c12d6cd4-2367-453a-afba-7edcf7747433,"<span style=""color:#000000;""><span style=""font-size:14px;""><span style=""font-family:verdana,geneva,sans-serif;"">Udržujte se v teple a stylu s naší nabídkou <strong>dámských čepic</strong>. Od elegantních beretek po pohodlné kulichy, naše čepice kombinují módní trendy s praktičností. Zimní měsíce nikdy nebyly tak šik!</span></span></span>"
a3a9ed31-0c11-49a7-a189-bf13a8e0d16a,Dětské oblečení,detske-obleceni,050ea130-dc4a-4844-8eff-4841acbd03f9,"<span style=""color:#000000;""><span style=""font-size:14px;""><span style=""font-family:verdana,geneva,sans-serif;"">Objevte náš bohatý výběr <strong>dětského oblečení</strong>, které je zárukou kvality a pohodlí pro vaše malé ratolesti. Nabízíme stylové a praktické kousky pro každou příležitost, vytvořené z příjemných a odolných materiálů. U nás najdete ideální oblečení pro děti, které podtrhne jejich jedinečnou osobnost a zaručí jim maximální komfort během celého dne.</span></span></span>"
bab021c4-7ed4-420c-9b62-a6c1f6562919,Dětské boty,detske-boty,050ea130-dc4a-4844-8eff-4841acbd03f9,"<span style=""font-size:14px;""><span style=""font-family:verdana,geneva,sans-serif;"">Nabízíme široký výběr <strong>dětských bot</strong> a <strong>dětské obuvi</strong> pro různé příležitosti. Objednejte si kvalitní a pohodlné <strong>boty pro vaše děti</strong>. S naší nabídkou trendy a odolných <strong>dětských bot</strong> budou vaše děti nejen stylové, ale také pohodlné při každém kroku. Kvalitní a bezpečné <strong>dětské boty</strong> jsou pro nás prioritou.</span></span>"
26c27335-3a5a-4d21-9b85-8de2b0795482,Dětské doplňky,detske-doplnky,050ea130-dc4a-4844-8eff-4841acbd03f9,"<span style=""color:#000000;""><span style=""font-size:14px;""><span style=""font-family:verdana,geneva,sans-serif;"">Ponořte se do světa <strong>dětských doplňků</strong>, kde najdete vše, co vaše ratolesti potřebují pro radost a pohodlí. Kvalitní, bezpečné a designově atraktivní produkty, které potěší nejen děti, ale i rodiče. Vyberte si z naší široké nabídky a udělejte svým nejmenším radost.</span></span></span>"
15b3502d-4e49-4861-9a92-19abc550744c,Dětské mikiny,detske-mikiny,a3a9ed31-0c11-49a7-a189-bf13a8e0d16a,"<span style=""color:#000000;""><span style=""font-size:14px;""><span style=""font-family:verdana,geneva,sans-serif;"">Udržte své děti v teple a stylové s naší exkluzivní kolekcí <strong>dětských mikin</strong>. Každá naše mikina je navržena pro maximální pohodlí a vydrží všechny dětské dobrodružství. Objednejte ještě dnes a dopřejte svým dětem jen to nejlepší!</span></span></span>"
bf00b218-447c-42aa-b213-8b166d0dd14e,Dětská trička,detska-tricka,a3a9ed31-0c11-49a7-a189-bf13a8e0d16a,"<span style=""color:#000000;""><span style=""font-size:14px;""><span style=""font-family:verdana,geneva,sans-serif;"">Objevte naši rozmanitou sbírku <strong>dětských triček</strong>, navrženou s ohledem na komfort a styl vašich dětí. Každý kousek je vyroben z vysoce kvalitních materiálů, které zaručují dlouhou životnost a pohodlí. Vyberte si z naší široké nabídky a udělejte radost svým nejmenším.</span></span></span>"
ac4c3a56-6f44-402d-a6c9-dd64b2620490,Dětské kalhoty,detske-kalhoty,a3a9ed31-0c11-49a7-a189-bf13a8e0d16a,"<span style=""color:#000000;""><span style=""font-size:14px;""><span style=""font-family:verdana,geneva,sans-serif;"">Prohlédněte si naši širokou nabídku <strong>dětských kalhot</strong>. Naše kalhoty jsou pohodlné, odolné a stylové - ideální pro neustálý pohyb vašich malých. Navíc nabízíme mnoho barev a střihů, abychom vyhověli každému vkusu.</span></span></span>"
3da52ddc-3d75-4b50-98c4-d28df5d86f1d,Dětské zimní oblečení,detske-zimni-obleceni,a3a9ed31-0c11-49a7-a189-bf13a8e0d16a,"<span style=""color:#000000;""><span style=""font-size:14px;""><span style=""font-family:verdana,geneva,sans-serif;"">Vybavte své děti teplem a stylem s naším rozsáhlým sortimentem <strong>dětského zimního oblečení</strong>. Nabízíme vysokou kvalitu, pohodlnost a odolnost vůči chladu. Vaše děti budou v zimě v bezpečí a vypadat skvěle!</span></span></span>"
bec55188-217f-4aa3-ab38-e9301a506ae9,Dětské outdoorové boty,detske-outdoorove-boty,bab021c4-7ed4-420c-9b62-a6c1f6562919,"<span style=""color:#000000;""><span style=""font-size:14px;""><span style=""font-family:verdana,geneva,sans-serif;"">Ukažte svým dětem krásu přírody s našimi <strong>dětskými outdoorovými botami</strong>. Navržené pro pohodlí, bezpečnost a odolnost, naše boty jsou ideální pro malé průzkumníky. S nimi bude každé dobrodružství nezapomenutelné!</span></span></span>"
5e65e4d6-7a0d-4a0b-bda0-cf633372b8ea,Dětské tenisky,detske-tenisky,bab021c4-7ed4-420c-9b62-a6c1f6562919,"<span style=""color:#000000;""><span style=""font-size:14px;""><span style=""font-family:verdana,geneva,sans-serif;"">Objevte naši širokou nabídku <strong>dětských tenisek</strong>. Zajišťujeme nejen moderní design, ale především kvalitu a pohodlí pro malé nožky vašich dětí. Vyberte si z naší pestrobarevné kolekce a udělejte radost svým nejmenším.</span></span></span>"
e98c3d1e-a1cf-4495-b4ed-286fc7da05ef,Dětské pantofle,detske-pantofle,bab021c4-7ed4-420c-9b62-a6c1f6562919,"<span style=""color:#000000;""><span style=""font-size:14px;""><span style=""font-family:verdana,geneva,sans-serif;"">Objevte naši širokou škálu pohodlných a odolných <strong>dětských pantoflí</strong>. Navržené s ohledem na malé nožky, naše pantofle nabízejí perfektní kombinaci pohodlí a stylu. Dětské pantofle, které jsou nejen krásné, ale také praktické a bezpečné.</span></span></span>"
b3aa361d-162c-4902-8f4a-a4f4ab3a2815,Dětské sandále,detske-sandale,bab021c4-7ed4-420c-9b62-a6c1f6562919,"<span style=""color:#000000;""><span style=""font-size:14px;""><span style=""font-family:verdana,geneva,sans-serif;"">Objevte širokou škálu <strong>dětských sandálů</strong> ve všech barevných variantách a velikostech. Naše sandále jsou vyrobeny z kvalitních materiálů pro maximální pohodlí a odolnost, ideální pro letní dobrodružství vašich dětí.</span></span></span>"
54dd8fde-bc13-4153-b836-1f89fc76062d,Dětské batohy,detske-batohy,26c27335-3a5a-4d21-9b85-8de2b0795482,"<span style=""color:#000000;""><span style=""font-size:14px;""><span style=""font-family:verdana,geneva,sans-serif;"">Dělejte radost svým dětem s našimi stylovými a pohodlnými <strong>dětskými batohy</strong>. Navrženy tak, aby bezpečně uchovávaly všechny dětské poklady a zároveň byly lehké a ergonomické pro malá záda. Vyberte si z široké škály barev a motivů, které potěší každé dítě.</span></span></span>"
e0e523b8-4751-4868-b8ca-7050f2a11035,Dětské čepice,detske-cepice,26c27335-3a5a-4d21-9b85-8de2b0795482,"<span style=""color:#000000;""><span style=""font-size:14px;""><span style=""font-family:verdana,geneva,sans-serif;"">Zahřejte hlavičky svých nejmenších s naší širokou nabídkou <strong>dětských čepic</strong>. Od roztomilých bubákových stylů až po praktické sportovní modely, naše čepice jsou navrženy tak, aby byly pohodlné a zároveň stylové. Dodáme teplou eleganci pro každý dětský outfit.</span></span></span>"
011f250e-76b5-4f9a-886f-bf8221e79074,Fitness,fitness,3f43939994f344b0adaee7b48a25d4bd,"<span style=""color:#000000;""><span style=""font-size:14px;""><span style=""font-family:verdana,geneva,sans-serif;"">Věnujte svému zdraví a kondici tu nejvyšší prioritu s naším širokým sortimentem <strong>fitness</strong> vybavení. Od posilovacích strojů až po fitness oblečení, nabízíme produkty, které vám pomohou dosáhnout vašich fitness cílů a zlepšit celkovou pohodu.</span></span></span>"
804a65f6-9cca-45e9-ac05-f8bc1e9f5c9d,Fitness obuv,fitness-obuv,011f250e-76b5-4f9a-886f-bf8221e79074,"<span style=""color:#000000;""><span style=""font-size:14px;""><span style=""font-family:verdana,geneva,sans-serif;""><strong>Fitness obuv</strong> je klíčem k maximálnímu výkonu a pohodlí při tréninku. Naše vysoce kvalitní a ergonomicky navržené boty podpoří vaši výdrž a zároveň ochrání vaše nohy. Nakupujte u nás a pocítíte rozdíl při každém kroku.</span></span></span>"
e370f2ce-5884-4c14-a883-cea20dbb77ac,Fitness stroje,fitness-stroje,011f250e-76b5-4f9a-886f-bf8221e79074,"<span style=""color:#000000;""><span style=""font-size:14px;""><span style=""font-family:verdana,geneva,sans-serif;"">Rozjeďte svůj trénink na maximum s naší širokou nabídkou <strong>Fitness strojů</strong>. Od běžeckých pásů až po rotopedy, zaručeně u nás najdete to pravé pro svou cestu k dokonalé kondici. Vstupte do světa fitness, kde kvalita setkává se skvělými cenami.</span></span></span>"
3b8edfa3-f166-4172-9308-a154b408f336,Kardio stroje,kardio-stroje,e370f2ce-5884-4c14-a883-cea20dbb77ac,"<span style=""color:#000000;""><span style=""font-size:14px;""><span style=""font-family:verdana,geneva,sans-serif;"">Začněte cestu za svou nejlepší kondicí s našimi <strong>Kardio stroji</strong>. Nabízíme širokou škálu výrobků, které vám pomohou posilovat srdce, zlepšovat vytrvalost a spalovat kalorie. Vyberte si z naší kvalitní nabídky a udělejte další krok k dosažení vašich fitness cílů.</span></span></span>"
9d873ec3-e236-49f7-97eb-fe9493725c1a,Jóga,joga,011f250e-76b5-4f9a-886f-bf8221e79074,"<span style=""color:#000000;""><span style=""font-size:14px;""><span style=""font-family:verdana,geneva,sans-serif;"">Zažijte harmonii těla a mysli s naší širokou nabídkou <strong>jóga</strong> vybavení. Od kvalitních jóga podložek po stylové oblečení, naše produkty jsou ideální pro váš další <strong>jóga</strong> trénink. Najděte vše, co potřebujete pro svou jóga praxi, v jediné kategorii.</span></span></span>"
63cfd06a-4693-4d37-a2c8-5853edac7d7c,Pilates,pilates,011f250e-76b5-4f9a-886f-bf8221e79074,"<span style=""color:#000000;""><span style=""font-size:14px;""><span style=""font-family:verdana,geneva,sans-serif;"">V naší kategorii <strong>Pilates</strong> najdete vše, co potřebujete pro harmonický pohyb a posílení těla. Nabízíme vysoce kvalitní vybavení a doplňky, které vaše cvičení povýší na novou úroveň. Zvyšte svou flexibilitu a zlepšete držení těla s naším sortimentem produktů pro Pilates.</span></span></span>"
8588b4c6-ee43-4f42-9b9b-365d1c992fe6,Cvičící vybavení,cvicici-vybaveni,011f250e-76b5-4f9a-886f-bf8221e79074,"<span style=""color:#000000;""><span style=""font-size:14px;""><span style=""font-family:verdana,geneva,sans-serif;"">Překročte své fitness cíle s naším širokým sortimentem <strong>cvičícího vybavení</strong>. Nabízíme kvalitní produkty, které vás motivují k pravidelnému cvičení a pomáhají vám dosáhnout lepších výsledků. Zvyšte svou kondici, posílíte svaly, a zlepšete celkovou tělesnou formu s naším vybavením.</span></span></span>"
64a4571b-7885-4725-9ac4-4aee50202ad9,Posilovací stroje,posilovaci-stroje,e370f2ce-5884-4c14-a883-cea20dbb77ac,
ce9f65c7-48d4-4843-87bb-a83dd0fc52ce,Padel,padel,3f43939994f344b0adaee7b48a25d4bd,
5ae972cd-3776-431b-92a1-3b5bd7af7397,Padelové rakety,padelove-rakety,ce9f65c7-48d4-4843-87bb-a83dd0fc52ce,
7b644726-a51f-4cf5-983b-0be63f471fe4,Padelové míče,padelove-mice,ce9f65c7-48d4-4843-87bb-a83dd0fc52ce,
b900e0de-d798-442f-bd13-29266aaabfb0,Padelové tašky,padelove-tasky,ce9f65c7-48d4-4843-87bb-a83dd0fc52ce,
